datetime,hour,day_of_week,hour_sin,hour_cos,dow_sin,dow_cos,priceUsd_lag_1,priceUsd_lag_2,priceUsd_lag_3,priceUsd_lag_6,priceUsd_lag_12,priceUsd_lag_24,priceUsd_rolling_mean_3,priceUsd_rolling_mean_6,priceUsd_rolling_mean_12,priceUsd_rolling_mean_24,priceUsd_rolling_std_3,priceUsd_rolling_std_6,priceUsd_rolling_std_12,priceUsd_rolling_std_24,priceUsd_rolling_min_3,priceUsd_rolling_max_3,priceUsd_rolling_range_3,price_pct_change_1h,price_pct_change_3h,price_pct_change_6h,price_pct_change_12h,price_pct_change_24h,price_diff_1h,price_diff_6h,momentum_6h,momentum_12h,volatility_6h,volatility_12h,volatility_24h,target_price_change,target_direction
2025-11-25 20:31:46.586185,20,1,-0.8660254037844386,0.5000000000000001,0.7818314824680298,0.6234898018587336,45496.714153011235,43584.629257949586,45357.78736034828,44171.00498907793,43405.57234120563,45926.17754753164,45605.59089331628,44581.821583584766,45750.6270447808,45294.93864709832,139.9355436586002,99.80101098596522,12.522450264790727,66.80904536430488,43476.54450865903,46389.18053808332,91.44822055242008,0.003506300992735592,0.03802381371506015,0.02090863213532207,-0.02700713099897526,0.018820476304875832,360.8696219573486,525.9738088614592,-1.4434751066745066,1.7118389916585928,0.01876552706041874,0.0038680852068920264,0.0027575177448375655,-0.0009102449060248434,1
2025-11-25 21:31:46.586185,21,1,-0.7071067811865477,0.7071067811865474,0.7818314824680298,0.6234898018587336,44861.735698828816,44579.35467723464,45560.78452636823,44439.81895980303,44400.624977046224,46909.41664047013,44262.2677406579,45839.20738066951,44587.1642174261,44685.328950138115,92.46336829127688,289.6255378193689,42.9405541125253,99.20423495365227,44268.32637626364,45724.407141835734,687.4382095740924,0.004891871301476635,-0.0012132162762924154,-0.010014584692680299,-0.0057807468286207135,-0.04510257771787552,-38.180758345459736,-499.0303136572065,0.35364174427879597,2.9045539815985832,0.006197114459661363,0.010909804251859669,0.040395504959707444,-0.00848472666796087,1
2025-11-25 22:31:46.586185,22,1,-0.5000000000000004,0.8660254037844384,0.7818314824680298,0.6234898018587336,45647.688538100694,44657.28548347323,46083.05124317528,45747.29360512326,45005.24369971819,43601.43242618086,45695.68473608453,44436.525047565796,45076.89662155278,45022.99585834785,5.963036992017413,208.83747047807276,12.229750303228377,17.495975669540865,44592.852077331496,45590.90055828885,322.9820895622677,0.006347214685617699,-0.014168135338209256,0.03519373912759924,-0.03169679683999845,-0.04348315406373472,143.9515884296364,-191.9856359761758,-1.0933601691745307,-0.9939251495499681,0.006353623888256293,0.020122704457007652,0.005247000368518613,-0.011396658564775175,1
2025-11-25 23:31:46.586185,23,1,-0.25881904510252157,0.9659258262890681,0.7818314824680298,0.6234898018587336,46523.02985640802,44197.72273077838,46053.8020520349,45610.37026543346,45046.98059376474,45562.96923669057,46084.51028704396,43873.230962909154,44630.17976903597,46022.76149008584,64.69367777055739,13.958962815517376,54.32980290363879,75.57451594928447,44359.47665533253,45998.31277129452,399.5960033251268,0.011096998419562232,-0.030274287852256544,0.011089265765942817,-0.01231846118556161,0.05627173922073847,-258.65459157423277,125.10010312584724,-0.5433102206521065,-1.8367102035232508,0.011896666590903613,0.010237095461069814,0.015060818952630154,0.006590174711460183,1
2025-11-26 00:31:46.586185,0,2,0.0,1.0,0.9749279121818236,-0.22252093395631434,44765.84662527667,44838.71428833399,43622.33063204291,44979.09840603585,44549.93452852075,44349.357430878175,45330.74792257896,43754.696661180875,44652.403018054145,45152.87925441592,69.82233136135899,110.81828167375166,4.886007032570433,53.65098435704036,44498.023842902905,45914.907688737534,241.37176109101623,0.004098186569285125,-0.0360627935251189,-0.003219064320126866,-0.07574458667815143,-0.059470594643366397,-191.28727536360174,997.8337448919822,3.346904180597074,-3.2554515796733945,0.00624345389713224,0.0024930859564172886,0.0014319637063360954,-0.030343473933433583,0
2025-11-26 01:31:46.586185,1,2,0.25881904510252074,0.9659258262890683,0.9749279121818236,-0.22252093395631434,44765.86304305082,45404.05085681454,44062.17496008488,45117.32738330878,45622.8499323475,44512.874616235305,46501.43665004645,45484.80796107651,44752.662301225086,45037.14923852492,39.34853854217496,103.99059271255308,4.059169120388238,89.84679817910373,43621.60245571527,45773.385975336365,476.6643041293562,-0.0024125765461854246,-0.031682718860109794,0.013431507774308328,0.008531748294917542,0.08213364766279818,94.48125557607547,1554.9592780026803,2.680922103580696,-2.4762315899368654,0.0018452535765584954,0.010450884740847535,0.026643695001996776,0.015011583350435311,0
2025-11-26 02:31:46.586185,2,2,0.49999999999999994,0.8660254037844387,0.9749279121818236,-0.22252093395631434,46579.21281550739,46886.18590121053,45515.03526720866,46277.664895788424,43932.379570617406,44407.606075761134,44380.96864071714,43975.65651800297,45177.70701730697,43912.115087216065,89.51932200277322,61.27739050625697,70.19916878067554,2.8181157369128247,43289.09466662908,46348.19372372836,61.335157997397765,0.006725737012027313,0.005342533020229669,-0.047126284562054976,4.821901448896947e-05,-0.04503103673239344,296.823205707193,303.3615295680914,-2.5991624738551953,8.847283275926175,0.006047446645382128,0.0014488783309689118,0.001208996239451413,-0.008323888097705078,0
2025-11-26 03:31:46.586185,3,2,0.7071067811865476,0.7071067811865476,0.9749279121818236,-0.22252093395631434,45767.43472915291,45174.57781283184,45513.785950912206,44408.42861116417,44857.620514978706,44136.00923032018,44004.27623735087,46403.83534558749,44617.001102669215,45597.00285282177,63.51718016819695,105.34155631736562,66.29009175509482,0.9118996644203544,44750.66682597774,46477.65260428526,812.3392292347803,0.018998819348952155,0.010174500464598677,-0.03380302406729416,-0.032683545242727624,0.03191959628041915,71.122669757132,-91.59830936019394,1.659464835758349,3.7340387422103603,0.022055660570990693,0.00023903043284955472,0.01249584085501138,-0.022601386780807156,1
2025-11-26 04:31:46.586185,4,2,0.8660254037844386,0.5000000000000001,0.9749279121818236,-0.22252093395631434,44530.525614065045,45257.55039072276,45515.04768630605,45547.09738117004,45120.2956317119,45048.52162794483,43577.023800876574,43334.45647369302,46004.60490045881,45516.38734491286,104.95527153193352,62.37689606958051,140.26052717996936,108.58955658315782,43838.660080578935,46044.203443145925,161.53963655801454,-0.0013263374638257355,-0.03162381404064267,-0.03581775019197166,0.026369826737296202,-0.01643092378744923,-62.611606104630866,267.2528242402751,1.6227931089831842,-4.0532230986240645,0.008970661968871321,0.0035141423571373254,0.013730854133402425,-0.009000257159916274,0
2025-11-26 05:31:46.586185,5,2,0.9659258262890683,0.25881904510252074,0.9749279121818236,-0.22252093395631434,45542.56004358597,44925.55408423383,48852.73149065472,44797.80734756611,45514.43883405875,44169.04988358896,46196.83544919135,46357.16509463203,44284.3141582244,46730.60377864437,53.523521156056795,191.40313538667863,174.95767431869393,47.469823287995276,43874.58349177248,46738.76504052763,126.1767510631438,-0.009745293046706415,0.01790076628152231,0.004288292842911203,0.03750280550506234,0.030159371554117156,-0.14171891532918343,443.82771293691803,-2.2965265775052366,-3.9673738702307104,0.012748750412787222,0.01563413358832108,0.008243104118933023,0.025142984337251456,1
2025-11-26 06:31:46.586185,6,2,1.0,6.123233995736766e-17,0.9749279121818236,-0.22252093395631434,44536.582307187535,43081.22878470096,45570.89051069316,44782.31879677278,45711.61487808889,45270.45682577984,45523.492525083246,45168.813973762095,44850.502684670915,44753.7774120376,131.73940656343257,19.068240076334657,124.38632353912851,2.5026958745143917,44664.09707092453,45429.15544293325,145.90563445777204,0.011070806692869728,-0.00966122103366879,0.05197544998455276,-0.06430239457475896,-0.02720570010570963,-250.0815467939435,-160.33381277859584,1.6375552875097212,1.4455981851554744,0.0065152199133950576,0.008184286659420014,0.0017514887369286993,-0.010706701740324462,0
2025-11-26 07:31:46.586185,7,2,0.9659258262890683,-0.25881904510252063,0.9749279121818236,-0.22252093395631434,44534.27024642974,44973.486124550785,46135.5656401806,46098.77685198719,43875.35790816213,44949.761890550864,44955.532263271634,44922.629510503684,44648.21515338066,45175.32026213115,19.759960469239964,21.74328731797229,69.29051977959074,81.77662992002871,44278.11500470033,45903.17027036014,781.5954043483285,-0.0012038116395359825,0.0029358602397109874,0.06693900438577896,-0.03050899114264857,-0.00813964530361471,120.90306527107334,897.6056779561611,3.0758638368251057,1.6417943921339009,0.011376856704248166,0.01532367724678116,0.00953336762106605,0.007169072364192405,1
2025-11-26 08:31:46.586185,8,2,0.8660254037844387,-0.4999999999999998,0.9749279121818236,-0.22252093395631434,45241.96227156604,45060.23020994103,45954.0017634932,45825.41634898803,43465.88582926438,44761.05195313359,45223.97490105586,44564.06473055284,46157.58230748299,45199.506946968606,207.52608726252654,87.00677306887542,71.84072655691975,139.02075490173132,44227.943886040805,45641.5888396986,441.5548885735795,-0.02172669546014036,0.03224441256510849,0.019141533043222716,-0.03076569399149193,0.0020459587697860566,176.46661246468182,115.03537959570103,-2.2450896124888278,1.6466515059520932,0.0020149153394751797,0.004998641237403714,0.02608277027779997,-0.014619125514309467,0
2025-11-26 09:31:46.586185,9,2,0.7071067811865476,-0.7071067811865475,0.9749279121818236,-0.22252093395631434,43086.7197553422,47463.242112485284,45651.391251305795,45813.509636000636,46277.67682189851,44092.4363379584,44099.6087621613,45319.308891481654,45157.24382120926,46261.96262381078,68.91878180895678,49.56818879726047,89.49243769444412,55.78103063518623,45082.501172450546,45066.73169146347,38.91859850640102,0.008474216771504216,0.01793678631731064,0.015025334248333707,-0.037596124044354584,-0.05010937278907364,-90.41806656661608,248.87154454569713,-1.8350056420285272,-0.7648673806610935,6.521315229458062e-05,0.013993061748019415,0.0048186414917686755,0.01515843699847239,0
2025-11-26 10:31:46.586185,10,2,0.49999999999999994,-0.8660254037844387,0.9749279121818236,-0.22252093395631434,43275.082167486966,44807.639035218876,44684.730755359655,46305.47880715433,45332.31401197959,44423.228669431664,46956.60158369346,44969.89223806012,45825.47563157491,44923.76357409044,173.59638031652494,15.041890514357641,29.49496782920278,1.0352619843380606,43678.24088480993,45958.65965707865,90.23995679531282,-0.005353281859539228,-0.005370612958116646,-0.05403173202458217,0.03317899367726994,0.037041217271006295,-94.00842955190029,332.9621260272307,2.035322933687005,-0.37636278000870066,0.005987943895619102,0.003676492929914216,0.027488355652188025,0.013710154775804083,1
2025-11-26 11:31:46.586185,11,2,0.258819045102521,-0.9659258262890682,0.9749279121818236,-0.22252093395631434,44437.71247075903,45301.547342333615,45758.969220493265,45021.00384163276,44251.51346344344,45755.391225825755,45103.37694558018,45882.64150561322,43811.551701570424,45223.21722061627,19.79107834626478,36.49610024662254,124.77420726737338,131.18362323501594,44463.92006404062,45939.12624580836,1596.5537839224305,-0.0009053328230416078,-0.01782384450830575,-0.01628021399202065,-0.0077530455509121415,-0.025660678323579263,53.1756459304097,210.79330530722785,0.542990621651296,0.9836385724780722,0.006683404887180808,0.021000265076516242,0.012212276431773998,0.03697217666592823,0
2025-11-26 12:31:46.586185,12,2,1.2246467991473532e-16,-1.0,0.9749279121818236,-0.22252093395631434,43987.16887966558,44965.288230294755,44227.17478546243,45681.952971294966,46551.15197552252,45500.91718762438,45087.51583568392,45091.38211892963,45213.640212695405,45486.31720777323,65.14180036144484,240.3415585238275,67.34906242438686,106.51136630753726,44028.50656244854,46756.72487162107,149.37645418284313,0.0033198033056901456,-0.0430363080265861,-0.023633512557247167,-0.010580593652424431,-0.01142999576700093,-87.3439472081191,419.4702502348061,1.1029525504790465,0.25767901887999123,0.007341737987784958,0.0062550801683103575,0.007231000910030792,-0.00351127890998431,1
2025-11-26 13:31:46.586185,13,2,-0.2588190451025208,-0.9659258262890683,0.9749279121818236,-0.22252093395631434,45314.247332595274,43831.32196238047,44763.18139325999,44689.73324340655,45115.67463429286,44022.444755201446,45580.61329911895,45120.2414091695,45711.70463649875,45149.28729852509,48.38858340543216,5.761879703358539,27.899416222380196,30.522470435466765,44134.29613943163,46315.40584227739,375.8955250475922,0.001904996797790664,-0.014383066384848403,-0.01862542794753348,-0.08015449457627014,-0.04971746873042562,-13.226522925164492,-308.6265932734616,0.6811784328009935,-6.657901118242606,0.0008199555641356043,0.00885231482988991,0.005530997209762796,0.013373096095158132,0
2025-11-26 14:31:46.586185,14,2,-0.4999999999999997,-0.8660254037844388,0.9749279121818236,-0.22252093395631434,44091.975924478786,46142.82281451502,44514.6364521709,45324.16635248844,46179.29718406383,45099.33230542923,45384.80738538937,44709.110230228915,45065.827191420336,44642.85310835958,32.03473081943201,20.10990467149675,83.53470532597574,60.951220215928316,44764.23421320626,45487.906587835394,213.17879810277165,0.007094518171390395,-0.0042226047765538885,-0.005044314557543688,0.025416721208369054,-0.12811668293976552,419.94435783330306,-279.1508769730153,0.7813918418562883,-0.6893988917255814,0.0045728040461524115,0.0059235595565205355,0.005906959473243773,0.001961350790778891,0
2025-11-26 15:31:46.586185,15,2,-0.7071067811865471,-0.7071067811865479,0.9749279121818236,-0.22252093395631434,43587.69629866471,45751.93303268677,45081.874139386324,44869.85694563232,45067.51848141011,45751.38712337179,45179.107219423306,44954.44350102315,45852.38430005228,45155.271994318646,42.41659464019164,105.0654396007612,214.51491277733882,18.6971302985446,44253.91787814481,46927.046283167096,574.2228545983774,-0.004354863705698433,-0.01974359054302368,-0.01416271733091382,-0.0495703357941389,-0.009551388130008451,-49.40514014919933,-550.0771164858475,-2.652944256622166,-2.5542193027809406,0.014558223221467666,0.0012354769595558234,0.028915088690184148,0.02591743563726029,1
2025-11-26 16:31:46.586185,16,2,-0.8660254037844385,-0.5000000000000004,0.9749279121818236,-0.22252093395631434,46465.64876892156,45791.03194704305,47314.65856667351,45096.99596499272,47060.74792488199,43330.59471887863,44367.62043564375,45246.24141511365,44586.169239919705,45858.905399887815,52.28354880354996,110.55259329579839,118.75984190295128,5.664992489710716,44269.148039524815,46610.51684776268,56.63520526888223,0.005131057981760827,-0.0026251393418460947,-0.05937899431127363,0.00239730521065313,0.1206307710806458,-71.66803040424445,219.7506153101132,2.0946354132428966,0.5256342567255361,0.007045065398247231,0.01954157433750286,0.0041832509122613475,-0.014376647752174607,1
2025-11-26 17:31:46.586185,17,2,-0.9659258262890683,-0.25881904510252063,0.9749279121818236,-0.22252093395631434,44774.223699513466,44090.61254520526,43132.734807408255,45595.157025436914,46755.340842443205,45543.360192379936,45377.1746857088,43631.8652858747,46127.47795214847,44178.787760471154,57.3700003938579,118.70303055603802,30.98207102270275,52.96927543567308,44536.2536686549,46291.04885173431,719.1389891586833,-0.002595466775839172,0.0015370376591753642,0.022437307683526014,0.011095077518327667,0.039230214394901194,-129.50836112703183,389.46825175605704,2.339179984855547,8.95577700781023,0.00789056687375519,0.005057467042619367,0.012677369567764824,0.014900106257545622,0
2025-11-26 18:31:46.586185,18,2,-1.0,-1.8369701987210297e-16,0.9749279121818236,-0.22252093395631434,45067.52820468792,46402.7943109361,45686.260190374516,44181.77931676653,44751.03585152093,44337.37624105415,46505.619597180026,43921.45166231543,46839.1184988954,45106.375739317504,2.435459226098284,63.87302220291846,63.37768809320985,7.049877805909121,43817.52363522856,45886.757950575084,459.61446728760177,0.00738810480887503,-0.004497119636161571,-0.03218229077219419,0.05442634383354604,-0.000963018986719732,148.83839429998736,228.8864330759429,-0.4587814881360555,1.1024449964229133,0.0008382662792936093,0.010589075870566005,0.0007334577521115832,-0.0038939459223336337,0
2025-11-26 19:31:46.586185,19,2,-0.9659258262890684,0.2588190451025203,0.9749279121818236,-0.22252093395631434,43575.25181378654,43598.14893720772,43387.28412881035,47092.38727568546,45971.57095095435,45570.59866859316,46076.33603692398,45594.61127521817,44709.72915164827,44439.90334804866,214.22703586118638,114.30049127304835,41.379909745149824,48.65016438262019,43580.3951663305,45520.28038163826,334.072042769497,0.006153674840130534,-0.013000051616469195,0.007177405923334486,-0.05235281596476449,-0.013144541460413384,-36.2448346436206,837.2462166737687,-0.08695389962772486,-0.9405890585171937,0.014104591452035038,0.014816634024625987,0.021077847702053624,-0.001283763542169955,0
2025-11-26 20:31:46.586185,20,2,-0.8660254037844386,0.5000000000000001,0.9749279121818236,-0.22252093395631434,44455.61727547482,45586.85709380027,44528.06813421057,43993.9826185003,45645.37594958515,44236.74084345748,46274.54930131152,45136.69235050235,44643.597982879386,45956.03730313988,172.75431701007113,163.3431532301096,18.528765887770827,6.447441481012024,43477.595402989486,45813.896611964476,936.6488881087728,-0.009354387020445954,0.0033730934393345537,0.0622224800924992,-0.12078048623283301,0.001123294640602319,-129.8746076642852,-2.7980094145232774,-3.0622150051114443,2.7654045059317567,0.004097627959594974,0.01962587190530795,0.0007860667586620418,0.0018350496889674574,0
2025-11-26 21:31:46.586185,21,2,-0.7071067811865477,0.7071067811865474,0.9749279121818236,-0.22252093395631434,45110.922589709866,47190.45562580998,46088.95059696736,43785.81138721227,46368.631557532346,43195.117899335484,44591.02745885505,44852.81333091786,46162.70758169416,43781.45047617298,43.63236696740321,114.6345393018688,12.982069973342616,197.54665663538714,43016.821705312,46544.37430985209,540.0240328573243,0.010859821161750324,0.008838812991388181,-0.0275815377475927,0.007353981790147794,0.0273559557587605,264.2608064546024,334.3708277962563,1.0285095120356698,1.448063661627638,0.008610879101735705,3.695671847847326e-05,0.025561582743832367,0.005044807928533548,0
2025-11-26 22:31:46.586185,22,2,-0.5000000000000004,0.8660254037844384,0.9749279121818236,-0.22252093395631434,43849.006422577695,44009.46367486931,45064.280019095466,46158.11087350007,44035.0765394199,43372.45756211684,44208.316143793134,45014.74714645231,46263.65771658457,44552.86252218273,3.800347816820029,30.263546523903322,4.38114719791096,93.93353938187543,45028.10356497016,46942.29315296731,223.6609478293756,-0.00535963445114048,-0.021807981548856922,-0.07590862568238989,0.07202044726043415,-0.05904064076544224,283.9206009027274,-545.8504380696571,1.1441148834282882,1.2602834713555238,0.014033699701251907,0.010114630354083562,0.01870337573302079,-0.0023245808624391636,0
2025-11-26 23:31:46.586185,23,2,-0.25881904510252157,0.9659258262890681,0.9749279121818236,-0.22252093395631434,45375.69801834567,44433.702270397225,43922.25522207069,45791.662693962935,45686.05145999844,45048.08494666138,44899.370463920284,45278.06536428934,44581.71197827739,45301.76950005162,12.00313267182613,75.4275850019358,14.700200162848862,14.408755572161546,43448.39581713916,46771.62176413609,640.5081808675565,0.00808057798281145,0.0282186475949254,-0.008580126656403324,0.049557854117577495,0.05571608473344361,-120.08471314774103,-193.5498512372005,-0.12438203399862201,1.8205517796470132,0.006979032725390276,0.013414759155308811,0.0009300601404904762,0.004294263663410527,1
2025-11-27 00:31:46.586185,0,3,0.0,1.0,0.43388373911755823,-0.900968867902419,44399.36131008119,45099.651365087644,44284.69629074003,45624.11981705215,46058.42448684959,45259.72250172148,45044.57992983096,44568.19225575251,44663.850546323316,46252.41922338747,61.35179727304166,6.413834659299254,96.38791167949097,120.96947428411076,43889.373188207115,45755.57528910686,33.92775526370165,0.0036728731340134064,-0.0019717626456852346,0.03302878904995713,0.008386376610985031,0.0357690657720622,-373.3079902721232,347.76887878288875,2.2487067197410053,6.169630694488625,0.004430440211284823,0.007424842325383841,0.014271739155871299,0.03156236115124369,1
2025-11-27 01:31:46.586185,1,3,0.25881904510252074,0.9659258262890683,0.43388373911755823,-0.900968867902419,44708.306250206726,44496.5243458838,45679.59774893468,45628.34550926428,43241.26051357688,44095.68337489559,45875.35321477676,44377.35621967815,44774.572312911594,44947.39979114161,102.27925651984056,32.87624103034804,221.05230015913514,59.99287299962045,43861.59335005554,45440.191283355496,426.38683756110976,0.018381836767951226,0.00037699245889695325,0.058750423626617816,-0.019665447425281896,0.035909286285396726,201.50273796738443,424.55105537157203,-0.668154461959881,-3.392665305977747,0.004794929673992434,0.004853058353678683,0.005497605305520777,0.01970899371230437,1
2025-11-27 02:31:46.586185,2,3,0.49999999999999994,0.8660254037844387,0.43388373911755823,-0.900968867902419,44398.2933877706,43449.33656893387,44269.63336828286,44987.75322715309,43816.74148733423,45638.59245877738,43646.02829622814,45156.67620407815,43924.43959117258,44555.840378645444,25.73765374233451,32.13572154502731,55.74917850078336,153.07508323436974,44153.70334890455,46070.4431234556,242.3664086472374,-0.0022346598237185213,0.014164288465131143,-0.036886487833572505,0.03228490386549242,0.021923786940486367,-136.9259651520008,-146.98347383209114,1.1292118517872005,1.4208962304343635,0.002965755451407618,0.01230874513154735,0.025558073802400782,0.017383091849937932,0
2025-11-27 03:31:46.586185,3,3,0.7071067811865476,0.7071067811865476,0.43388373911755823,-0.900968867902419,46852.27818450894,45068.562974806024,45216.45858958198,44102.74562851417,42960.7678222399,43338.47993773104,46223.64025556849,44217.301777907975,44265.07844281264,46504.92565555247,166.85840738775894,42.19207542352847,136.9802979579078,121.87618516973167,44407.86860626965,45115.780317218574,423.17832749543675,-0.003493167961181975,0.004664322625270033,0.01490097669709565,-0.03894184798817875,0.0009808328846994951,158.12511983255374,-35.79962592903341,-2.039328677384231,-2.779143389944615,0.004631847952675848,0.016850142787085094,0.013866989821943315,-0.009110790520477415,0
2025-11-27 04:31:46.586185,4,3,0.8660254037844386,0.5000000000000001,0.43388373911755823,-0.900968867902419,44986.502775262066,43937.696286273895,45045.571839903816,45075.804558193726,44730.593165555445,44933.92020135268,44873.59368113681,45326.60220457158,44196.68738659834,43841.588879667004,39.922312260527924,161.3711269058647,8.828204835125481,21.3442870930208,44430.23674417987,46161.58385709239,321.774916158731,-0.0001941960588773261,0.0190627326782649,-0.0139593137034016,0.01905431077424877,0.033643061798341,-394.0207635423671,-758.9368733404048,-0.04710430174847624,1.6665379390267447,0.0019729226563120644,0.005628808601743548,0.023443331527622967,-0.017784816564566486,0
2025-11-27 05:31:46.586185,5,3,0.9659258262890683,0.25881904510252074,0.43388373911755823,-0.900968867902419,43942.2890710441,45473.59243063518,44348.39965239418,44322.83828848789,45717.54225579596,43788.98380023754,44658.49514404206,43637.933116609725,44385.7619479167,43240.955234703935,64.7195939702741,45.35343015139798,257.9709337654319,149.0726136849952,43708.46128071553,45926.198706850664,514.9804087905806,-0.0030317978283427543,0.005742483304036484,-0.0031784506291240694,0.020218806366665076,0.029590706687068903,178.51946765986185,-178.51460040330468,-0.3487085158056717,-2.756059534458283,0.0031130867344288486,0.008798143535020543,0.004109896227439563,0.019106011164755056,1
2025-11-27 06:31:46.586185,6,3,1.0,6.123233995736766e-17,0.43388373911755823,-0.900968867902419,45822.54491210319,44080.575765766196,47143.94408932533,45975.11973341775,46502.35705209603,44348.16389219784,44190.316499791865,45823.32450986052,44972.25209009057,45352.011560042665,48.3186462299374,24.41566352906487,80.36745679697307,14.866745720211155,43916.43914310679,45766.98174906588,167.38766605327044,0.0079994190194205,-0.012248747492808758,0.07933030041051103,0.042408396299955194,-0.01770203554705119,-242.23438585615625,445.1915817598931,0.45061584408188315,-1.2521004408152532,0.016999573745763805,0.019870611116994414,0.003650759690625271,0.017520935850595883,1
2025-11-27 07:31:46.586185,7,3,0.9659258262890683,-0.25881904510252063,0.43388373911755823,-0.900968867902419,43779.15635002898,46549.93440501754,45633.91902231801,44852.94261849786,45074.09478041978,45047.39867131641,43676.11466250738,45378.07798593043,45187.371786029216,44598.35662051791,157.39867632900328,96.40871682883572,163.91168054440675,33.70859711180393,44141.28997524415,45202.648466366605,201.82423162099835,-0.01616310608436588,0.007230070504122033,-0.045089109851854596,0.11038640155644311,-0.02868008864484505,146.1528238133049,287.60250805328315,-0.7390538576667172,-0.8852697427137189,0.010715431522348858,0.005309708978119645,0.0044975729441232085,0.02945341351501964,0
2025-11-27 08:31:46.586185,8,3,0.8660254037844387,-0.4999999999999998,0.43388373911755823,-0.900968867902419,45208.863595004754,44216.74670766376,42974.85741334239,44174.50280320749,46628.615545571294,44139.58663471605,45658.536467169535,45204.8237874511,46240.400394251265,44183.01374629543,122.57656630023412,118.94704889246405,167.77008140764406,61.34026635409398,43875.654436908226,46256.80005328486,477.56128967467646,-0.010536824191463541,-0.022874524146413236,0.007612189844837203,0.015696638687150682,0.005092814763099335,2.854613567286821,250.33286069060483,-0.2629451913433356,2.927450158034127,0.0019063559126502433,0.0033513778117145177,0.028562048843595103,-0.012079612519384591,0
2025-11-27 09:31:46.586185,9,3,0.7071067811865476,-0.7071067811865475,0.43388373911755823,-0.900968867902419,43040.329876120224,44677.93848379432,45186.45431476943,44678.61415834701,43619.89854178511,44615.44445577017,45058.65437375072,45786.15278715641,44201.316767408964,45566.685157839485,146.43748802098202,122.76078151369924,55.35882417079946,30.24696864881283,44803.67278800999,45733.64958016905,211.79953279673052,-0.010678029215791932,0.002171194115530463,0.014030795152962995,-0.02035854502829995,0.07745100757475937,-190.78788387932897,24.886843590480037,1.6520943428830126,2.7553633318272412,0.009413105807674833,0.003423378344896215,0.02438938373043095,-0.004590973107206942,1
2025-11-27 10:31:46.586185,10,3,0.49999999999999994,-0.8660254037844387,0.43388373911755823,-0.900968867902419,43671.81395110157,45813.51721736967,44338.21353523161,45412.931454275626,43296.617560644845,46006.29280921444,43968.03128020716,46332.37955557006,45787.45791878127,45195.04057101696,22.445181855997205,59.740006984985804,56.898307918527536,38.817681854122874,44245.48747581913,45415.041582144855,1031.2624596215726,0.009503075919735758,-0.000664599812889216,0.032573589748180413,-0.0010229724876797775,-0.061955353782695045,-81.4072625853561,3.531579314088226,-0.8735284744764349,-3.7371521293391536,0.010325239035275395,0.015541604207147742,0.03328170350172201,-0.03278968325050868,1
2025-11-27 11:31:46.586185,11,3,0.258819045102521,-0.9659258262890682,0.43388373911755823,-0.900968867902419,45196.861235869124,43769.13568356605,45852.433334796224,44436.27544719603,44944.45230110338,44423.10813047685,43963.93698234911,45811.4960520145,44828.808924619596,44548.737095410615,104.70983026121546,70.11727423108984,162.83966231285382,17.041622237548772,44367.43889302491,44563.86889335918,533.7664571271364,0.017106133725819254,-0.004162337145450794,0.002939494604126863,-0.07076303619556473,-0.073376263287622,137.26369139134016,-330.1605697367235,-3.2131542014773586,0.16480233299954616,0.003979270499468089,0.008539759765522237,0.002385678156000769,-0.007849422121217458,1
2025-11-27 12:31:46.586185,12,3,1.2246467991473532e-16,-1.0,0.43388373911755823,-0.900968867902419,45738.46657999541,45227.45993460413,44207.4792615673,44177.77960443357,45384.065448939305,45835.69211206514,44731.3722405679,43527.300614934684,44960.42903227805,43975.75648106328,168.39276914578687,29.756350335999194,37.912774098748706,16.057398104986458,44331.4406343337,45986.242547474685,12.109728336379034,-0.0010444921853747149,-0.002570750228778615,0.00924151618512307,-0.027788525243562328,0.008238042061825837,21.178890623046847,349.4142101012674,3.4991678084108413,-2.128739564247518,0.018093063497331103,0.004148655003619104,0.004434367331206426,0.019931410211588944,0
2025-11-27 13:31:46.586185,13,3,-0.2588190451025208,-0.9659258262890683,0.43388373911755823,-0.900968867902419,45171.36828118997,46307.14275428243,44885.2635585331,45243.68721149191,44967.305251905906,43870.29314534238,46335.21722023151,43976.33842661144,45539.855593733286,45697.965862624114,45.888426286894,137.57068133116195,20.358036010236177,0.30460201534144693,44586.73692874266,46886.12579833487,706.1102777077147,-0.0016882172319001062,-0.03763698090995278,-0.011749457022653733,-0.01637129752452416,0.0025443850928009034,116.88259609449685,210.4864721946949,2.762908157380973,-3.7755147320260036,0.0021804589539237383,0.0046328853011810625,0.022749638241311865,-0.00932990758456396,0
2025-11-27 14:31:46.586185,14,3,-0.4999999999999997,-0.8660254037844388,0.43388373911755823,-0.900968867902419,44884.35171761176,43392.51676543877,45504.98727898046,45244.96657110872,42932.55789996012,45529.804177915285,44792.326918909115,44500.14513784346,44101.822382750164,45520.16094236693,107.86808334312956,15.005558703252673,58.168091394864376,43.693816974634984,44090.510779351855,46830.629607273935,39.82069562285758,0.0007005216311318139,-0.01097449815481923,0.00807380823735322,-0.0209635359173837,0.008667083218520411,395.2881169030971,246.00942399639965,-2.5845253902112373,-0.6510511512731112,0.008476339286190848,0.0004351466864346608,0.022154016391774115,0.012809595904016476,0
2025-11-27 15:31:46.586185,15,3,-0.7071067811865471,-0.7071067811865479,0.43388373911755823,-0.900968867902419,44698.89630441071,45184.6338585323,45865.755194170124,44493.05682462887,44910.87996048721,46441.5686206579,43797.48563750552,45020.87284016867,45305.92779694724,44920.659308976494,3.850846950070721,12.557645347154226,101.47567306928669,119.06462747863414,43351.58402602208,45771.451871706864,226.18589812486695,0.011618783026081905,0.0018568980228222942,-0.010295768264922315,0.00609419488134888,0.012197659895425013,-312.8483223422103,-263.0174213337902,1.3794156104903887,-0.9254483653674592,0.006520888885930607,0.005581395145185063,0.017516693269019026,-0.0038100621199562267,1
2025-11-27 16:31:46.586185,16,3,-0.8660254037844385,-0.5000000000000004,0.43388373911755823,-0.900968867902419,43521.47800963257,45259.88279424842,43799.70359294422,44528.96169438168,43695.530499495144,42528.35549987271,44803.40554873124,45414.1272163753,45133.16176657045,46477.30959683813,17.262729994081962,17.307182428386962,64.9277545066007,94.95541354413237,44199.84397587632,45698.89396981911,531.1967640734399,-0.009273531341905741,0.0031971278399480075,0.018647156695681524,-0.03289679729528802,-0.011160112731740257,323.4425149937248,-1076.6714599356221,-1.0059495411026862,7.280149459036567,0.010896330373423883,0.025295600776943032,0.0032516334564394365,0.0064811405644312125,1
2025-11-27 17:31:46.586185,17,3,-0.9659258262890683,-0.25881904510252063,0.43388373911755823,-0.900968867902419,44280.15579160529,45781.82287177731,44665.49876415905,45232.04993735764,45669.672548830036,44203.104744529526,44781.821144201866,44419.404949477226,45393.96101120652,44143.93218693908,88.36599374866724,1.5579047581467533,122.39402667622565,148.48979684499034,43674.321553104084,46234.38712803751,214.1535486038243,0.0023836898273478513,-0.020553502818519163,-0.011088310081309019,0.04484122669297886,0.07449317193010412,20.871187504642585,548.5763558768479,0.5269744306621191,1.2988794760820885,0.007847619081277034,0.0029660745906979835,0.016459537914492662,-0.022953827796313348,0
2025-11-27 18:31:46.586185,18,3,-1.0,-1.8369701987210297e-16,0.43388373911755823,-0.900968867902419,44539.36122904021,43763.04928912192,44525.054688839045,43551.91565850268,45366.59824609685,45577.07212718054,42842.49068564674,45149.41341158166,45231.33491512625,43779.57986326021,65.23228784134196,109.62750868952018,3.408346825922607,255.39211349019547,43735.69165912512,45500.807280405854,93.57213250227439,0.009751976297824297,0.025314156817294015,0.011313011817065594,8.282596727883753e-06,-0.08004519892382578,-179.75680966462565,-239.41872800420208,0.5884482580269874,-4.132852502262712,0.0037050809859002897,0.00241321934916781,0.008833002401080441,0.0017041889926780213,0
2025-11-27 19:31:46.586185,19,3,-0.9659258262890684,0.2588190451025203,0.43388373911755823,-0.900968867902419,46057.12222621892,43679.54338691572,44346.67076742629,43592.536225623444,44060.12021367264,44796.95461395701,44956.56410678575,44395.69365411734,46964.24011192872,44446.473544095,157.63921569842495,144.00508825942944,76.99732310586418,93.43199112392738,44293.182009377546,46150.89594990973,492.8649978399315,0.005010941699398453,-0.017323496964290017,-0.0008778844105493506,-0.0003720128455445767,-0.0414248512390123,-266.06272514779795,-431.3878820215603,-0.468815600632644,-1.6943220125128269,0.014055670191786421,0.011510140836195072,0.012558936465745504,-0.05982271941801447,1
2025-11-27 20:31:46.586185,20,3,-0.8660254037844386,0.5000000000000001,0.43388373911755823,-0.900968867902419,45343.61828956846,45521.9415656169,46765.4542402811,44281.55577874756,44486.133082663306,45371.14587337131,44815.25237583306,44510.78575760644,44489.80801259895,44963.5311869156,147.65403497258959,159.45050632249723,23.37859117907477,136.6878698415421,44619.141535716815,46383.040139192344,593.6930257823756,0.001895816165987434,0.019389144010534737,0.03378150752316504,-0.013115788660516714,-0.0051627380074523695,-37.824078155406696,346.73945595699684,-1.567531331172793,3.0641498862881953,0.00015618333949603047,0.0038632331781155997,0.009118128910137267,-0.003737923163239697,0
2025-11-27 21:31:46.586185,21,3,-0.7071067811865477,0.7071067811865474,0.43388373911755823,-0.900968867902419,43236.95984463727,45296.984673233186,45404.98171096096,44786.55284828815,43940.78647811105,44396.01481328418,45556.96509185073,43874.671122521424,44575.202435998544,45194.671559458155,138.00913541474515,84.69613483183278,155.58956462036272,22.476540189268356,44010.63578836803,46613.46661194215,1294.781821009307,0.010010460925671412,0.008543887237433698,-0.0015418117076545872,0.0062076273543591656,-0.08215944055770837,184.33002238489186,-196.0063199595648,-1.3810821046325188,6.265328318609775,0.009022771737866472,0.0020447122098612154,0.008086840547234679,-0.0326094648743028,1
2025-11-27 22:31:46.586185,22,3,-0.5000000000000004,0.8660254037844384,0.43388373911755823,-0.900968867902419,45324.08396939479,45250.49285034588,43739.11604566495,45310.907565598005,44937.32090272683,45086.5897874729,46479.164875956274,44261.41340311128,44501.487578860186,44807.011153714935,62.55627015095294,99.13923494563072,33.08802322144571,117.01130260593595,44154.41650629948,45949.92296176002,289.81658660678784,-0.027032322929992372,-0.012924546196876061,-0.05319097404620644,0.033003930586705386,-0.008792720221603559,-25.50982407550684,529.968192023311,-1.832383830962485,-4.7579499367138745,0.009077561801469205,0.0175547569831549,0.008224031923876156,0.02411989033093632,1
2025-11-27 23:31:46.586185,23,3,-0.25881904510252157,0.9659258262890681,0.43388373911755823,-0.900968867902419,44614.91771958368,45346.44820949698,45917.86194705478,46475.35621694955,45955.14232050124,44844.32276460792,45901.252023638204,43918.65231550693,44555.6183046718,45281.64431721144,39.5803533437409,215.33901136037147,83.35289616089247,180.19804375800197,44851.10747231762,45898.163124911516,162.89815829108323,0.006778753195309076,0.03550621785219024,0.03785764502141975,-0.034685208628436014,0.08307350828640092,302.2309860494695,308.50297478834875,-1.6636444164608895,-5.639773155417135,0.015192839236417689,0.015730197252148564,0.012500008676704607,0.015548147055290226,0
2025-11-28 00:31:46.586185,0,4,0.0,1.0,-0.433883739117558,-0.9009688679024191,44323.07799969404,44319.97527842151,47122.156197012635,45857.65962320202,44014.27395366446,46167.782061659804,44784.889047556135,44219.30139761813,44490.090298154784,43998.76846064765,49.403018628273884,63.89617476895022,199.37356425714555,54.1462728204788,44120.376589744286,45561.00870662172,97.19215078866802,-0.006540756831274239,-0.0238727366351296,-0.027171969025878567,-0.026324659563010267,0.0010443244147980894,-290.2351380103118,341.7846616002388,-0.13435658009871052,5.612895526115347,0.005107920885275947,0.004658055691181629,0.0165729418959378,0.00933341963932162,1
2025-11-28 01:31:46.586185,1,4,0.25881904510252074,0.9659258262890683,-0.433883739117558,-0.9009688679024191,45611.67628884087,45232.253697161,46032.465260551144,44840.06147003657,45504.046515517846,45254.42084330121,44114.779273006665,45842.91343728627,45951.21322488604,46155.011683258606,26.06737658239071,132.30897934074983,37.405656984757215,75.91551603026468,45300.8415570902,45586.55982298007,176.58314640534417,-0.01830632896856457,0.01838308347220003,-0.019612990159464595,-0.012149041151066587,0.011535045285934175,-2.417789569210912,-682.9778556002672,-1.4315199782215036,1.1688425321127116,0.010305805856240573,0.0015083771156669532,0.003308121405208003,0.030420124543187602,0
2025-11-28 02:31:46.586185,2,4,0.49999999999999994,0.8660254037844387,-0.433883739117558,-0.9009688679024191,46030.99952249595,45293.07247329868,43480.630034045986,44980.98379209731,44469.74238162756,45337.6026620752,47058.68784259989,44240.48088893444,46136.403398391885,44934.279057285945,55.030515384542014,164.2015160136369,122.76689924732922,57.65104007267195,44282.75482281577,45886.76055404924,169.24192173084558,0.005112025995249807,0.020011646360859565,-0.017869838821304763,-0.0538348369389286,-0.06300823825862902,-250.4786888826238,605.9719926932003,1.3641041314252398,-2.6048781956290994,0.006578345538521371,0.000739475656083926,0.018269387284583376,-0.018978330416496745,1
2025-11-28 03:31:46.586185,3,4,0.7071067811865476,0.7071067811865476,-0.433883739117558,-0.9009688679024191,45931.2801191162,44285.64858197363,44515.76592713375,43997.47063536219,44207.12716773766,44588.123033877535,45047.374747211594,47105.905651869914,44543.402965000416,45893.8366652705,67.16233679380515,100.98170893426341,120.96410186912054,259.104229214491,43119.618620422094,46183.68275340809,147.70070506951473,0.013736585451629577,-0.013412404181532897,0.041233142795124515,-0.03277031438885991,-0.030818070401973874,72.72637652499357,130.62526561692803,2.9744923106718546,1.603887258367306,0.008545252270666158,0.004516594761596228,0.00769794546770094,0.034947263958311166,1
2025-11-28 04:31:46.586185,4,4,0.8660254037844386,0.5000000000000001,-0.433883739117558,-0.9009688679024191,44160.78247677736,46865.77451114476,46266.91114918662,44981.48686400761,44892.96964004544,44512.39377592751,45011.14343353036,45394.654320704714,44334.115541516614,45274.18027710216,2.555407099144528,68.81503451777238,167.25723868377034,54.624444825248275,44376.67081055226,46456.792313116624,84.23048813480715,-0.0013744851462769187,0.027849306001286576,-0.06407022641936086,-0.01904883494178636,-0.01875981901619685,177.37747801946006,-184.63856962310157,-1.160106482740086,-7.907243217050633,0.01091933900395313,0.0019502498402812673,0.010768783361214028,0.018643831285207694,0
2025-11-28 05:31:46.586185,5,4,0.9659258262890683,0.25881904510252074,-0.433883739117558,-0.9009688679024191,44690.78762414878,45473.83292091179,44292.33053438122,44711.34136107986,43964.75767758062,44567.441812180376,44980.699930311996,45147.8688989559,45377.13244510912,45365.40257532302,117.27290192593647,225.24358053443086,41.90190093660452,39.18040054025465,44190.579192441386,45598.41052465983,658.7987678039798,0.00952874547202939,-0.005000930291979055,0.0941324560097998,0.0349755672285091,-0.015885754837811704,-84.15235873621066,71.69423367112555,0.47880900107075414,0.010126519791482998,0.008902475008365088,0.007582820688875902,0.003457869377703762,-0.004731105744378921,1
2025-11-28 06:31:46.586185,6,4,1.0,6.123233995736766e-17,-0.433883739117558,-0.9009688679024191,45331.26343140356,43808.69650279735,45443.81942814623,45322.71856033809,44446.35069465282,45394.45214237829,45158.46780861428,44313.31377585503,44558.22156457522,45455.81382418576,54.36001545944323,98.17654869915943,70.50118557584088,147.89115687741287,44644.87637704137,46746.34428447976,503.2712826398206,0.016122782579886454,0.00577387258559714,0.03168170427198155,0.010502453160076999,0.06408218975018844,-520.8427713254268,-888.11761644916,0.9993702206058677,0.9834635185292557,0.0017183933979353122,0.011306153349375262,0.017695878125410652,0.022712402943658883,0
2025-11-28 07:31:46.586185,7,4,0.9659258262890683,-0.25881904510252063,-0.433883739117558,-0.9009688679024191,45975.54512712236,45656.55360863383,45774.634053429334,44172.76905644768,43802.12210741115,44579.01551917974,44884.511670460844,45560.24790352719,45506.345454204406,45358.166848013854,37.061433208610595,32.48313835086225,5.576907765770601,18.335991977915565,44336.59067563498,45864.43819947872,569.9392805645227,0.013149144535840474,0.005206436775424415,0.00669716742387479,0.007743596454701775,0.027884553036256227,39.78962935929891,204.32640574033542,0.9440045418385488,2.7728104186134894,0.005532512199847837,0.006227112239002686,0.0029116144643003654,-0.022125870248232683,0
2025-11-28 08:31:46.586185,8,4,0.8660254037844387,-0.4999999999999998,-0.433883739117558,-0.9009688679024191,44520.82576215471,44025.31832977268,44073.06952842192,45519.34651424117,46964.72513291639,45289.774856896416,44541.07039449581,44539.48973900978,45162.33841668104,45514.17820789404,77.16987106483447,249.94057148735732,55.83269125217224,1.5309849172995558,43930.77200800811,45989.31635282578,658.5575336699326,0.01639964529371393,-0.002686174829410956,-0.0016468200184885915,0.034035918486718886,-0.0555728978468516,87.3477103467019,-514.6857540910357,0.15191053583217481,-3.041687856877613,0.011755946056248516,0.006295295842218108,0.007968214419113977,-0.01649028323055347,1
2025-11-28 09:31:46.586185,9,4,0.7071067811865476,-0.7071067811865475,-0.433883739117558,-0.9009688679024191,44814.34102333619,45787.08460374245,44940.4746439382,46532.73891300258,45035.26355197173,47075.40079864544,44562.51284700769,45097.60785171629,43787.404708002214,46063.322024105946,284.8542620630075,229.09425725907417,7.60053914124115,57.92914996010884,43387.85088185532,45626.39416042609,59.03426349553937,0.007421274910718922,0.016216165463195643,0.008566622245729709,-0.005494871535975866,0.012325238921600245,80.85895099233953,-676.3351429217672,1.4853648367194447,0.25706148421007713,0.008950698422766048,0.008043157596599924,0.0072581497678205955,-0.012171794464794009,0
2025-11-28 10:31:46.586185,10,4,0.49999999999999994,-0.8660254037844387,-0.433883739117558,-0.9009688679024191,43893.66502599397,46158.59557900741,41758.73265993093,44891.23985154314,44300.27449200741,45871.12470343169,44973.7973838272,47048.067630615034,46238.00416106405,45157.21693576118,114.87657003721034,138.9572466763596,53.875599244636916,11.958036841415327,43895.48837135699,44787.87986986353,1060.9274495042973,0.000754336389015928,0.01586977441104426,0.015633672851380148,0.015618593997155584,0.02491108742483926,247.1564383644308,-761.1795931089456,0.9644979053613144,-2.776273878178762,0.005972282182533848,0.008953554307625997,0.016534382247546348,-0.010579554161280305,0
2025-11-28 11:31:46.586185,11,4,0.258819045102521,-0.9659258262890682,-0.433883739117558,-0.9009688679024191,43803.793375919326,44179.31768164829,43975.61235866571,45401.71172209894,45213.97991073422,44673.97646783216,44565.260183092985,44923.15208022028,46436.702138476416,45567.20300607081,173.97137787780997,164.53987469568918,92.06735930793663,97.30689408815554,43574.73977289535,46442.022698180524,303.9109935472162,-0.016019658118971686,-0.034970639464763614,0.01935646757850171,-0.004128870117299849,0.057007451926063324,-214.21073592980977,556.3441874949626,-2.4753248446545957,0.7661512670229513,0.009483480042242007,0.006315777291653314,0.010220392656644218,-0.021131152855205056,0
2025-11-28 12:31:46.586185,12,4,1.2246467991473532e-16,-1.0,-0.433883739117558,-0.9009688679024191,45812.5258223942,45963.37612924432,44747.43184860684,45690.14399171111,44887.67195030917,46201.213922163945,44429.723373858265,45919.41866102854,44509.76904761249,44928.21144457022,36.244094140313216,102.25704320096402,16.9360824036078,119.65715016644913,43709.73827509764,46368.421948546216,648.4972732805546,-0.002460624881299486,0.02608680485756305,0.016668133980103455,0.010614493975985137,0.07902703432841868,136.04322109008987,-314.63169684639433,1.7383121287785464,-2.6860389670890723,0.0046320629209912305,0.002531652380379812,0.006129109615526514,0.0244616613419065,0
2025-11-28 13:31:46.586185,13,4,-0.2588190451025208,-0.9659258262890683,-0.433883739117558,-0.9009688679024191,46356.24002857082,45412.780926936495,43752.21681803515,44598.779528114166,44779.03040046678,44591.92462697845,45085.14418215352,44437.45885989929,44689.83875205121,46152.09377235958,111.96698946261438,243.97524063392729,141.37144969049803,15.852957302697002,44294.289202210304,45859.33622144089,11.434031149441061,-0.008432465953161918,-0.03324983976071349,0.0026874204376574643,-0.023310346304463284,-0.050754709591393436,238.501502495595,766.8638549582496,1.7745816745334841,-1.2243025174806619,0.013671378064602458,0.00820344012612456,0.004617127067083261,-0.0051770880073966335,0
2025-11-28 14:31:46.586185,14,4,-0.4999999999999997,-0.8660254037844388,-0.433883739117558,-0.9009688679024191,44927.98987841966,45822.06015999449,46632.411303931636,45224.09248181042,45614.166700043424,42961.875464822144,44796.018226063316,44972.00920760243,45228.69231257992,44458.88615835259,129.46814757209057,138.42728185105182,11.122606134870033,2.7304539509931858,44834.9522521757,46033.49535861244,499.6511161474554,0.02170942717497814,0.020650924086833146,-0.005920152609219783,-0.09755268633105717,-0.04054287556051692,-355.71751680130336,-267.9007315261489,-1.5265722083571631,-2.987446184370687,0.008481742126666681,0.0003361256470371301,0.012578786976708466,0.007050099367137591,0
2025-11-28 15:31:46.586185,15,4,-0.7071067811865471,-0.7071067811865479,-0.433883739117558,-0.9009688679024191,46003.53289789202,46896.79298265395,43569.85862203937,45012.592400781796,45757.507710047306,43991.9136890826,46203.19439086615,46416.64050850841,45267.56543198962,46440.75234632865,116.08267873785194,56.39091200523596,90.39076414647897,93.3267959073196,44197.33576491149,46257.96960885205,252.3874606141087,-0.0017588581243233661,0.022534102736551667,-0.00453819850960535,-0.005371166487452166,-0.06287889294573082,63.930365183795445,-853.6789787964734,0.07587567089520406,1.953408725470971,0.012325233147685091,0.004547409121411344,0.013300213834251859,-0.011407027328273612,1
2025-11-28 16:31:46.586185,16,4,-0.8660254037844385,-0.5000000000000004,-0.433883739117558,-0.9009688679024191,45361.636025047635,44754.61188399713,44559.955513303015,45097.67609854883,44469.49885238947,43129.208078974145,42879.22415328559,44498.426353769784,45526.83541813827,44967.873639484525,46.77012013118914,59.47543416652859,73.55299425897665,44.328225119151035,43402.05846898241,45218.72707155673,420.3100132522765,0.0012320480678448568,-0.021819328604303963,-0.00584724841058043,0.0569099254439976,-0.01170099295534907,-100.8359662015343,-558.2622199743296,1.3666579856221388,2.575353349969996,0.005522999376795233,0.0051642964388757175,0.008022260045188653,-0.03641206601097034,0
2025-11-28 17:31:46.586185,17,4,-0.9659258262890683,-0.25881904510252063,-0.433883739117558,-0.9009688679024191,44354.880245394874,44246.26383564251,45130.740577286095,44226.990216144535,44424.18175935532,44648.48651595869,45873.20548153797,46449.958846397545,46608.16363101308,43855.37991830556,34.650388173071576,85.34155587803077,123.60931752104374,88.4802714026901,44222.30133411007,45735.473661326854,273.36678410068964,0.005514853760404676,-0.008216285759091696,0.034013102906011936,0.03704861608966369,0.023317918722316727,-16.30453462032918,617.9058100034694,-0.41862763915872314,-0.7038617098722414,0.006256309336460009,0.0019646658342809716,0.018434707537335927,0.0054011471678284415,1
2025-11-28 18:31:46.586185,18,4,-1.0,-1.8369701987210297e-16,-0.433883739117558,-0.9009688679024191,45361.39560550841,44110.485570374476,46441.273289066114,45024.51017425894,44724.94830284836,45018.41837918955,45996.868153998104,45566.20154836438,44858.44221800476,45102.48353192863,4.692057887918407,75.89285897867651,109.13101205942691,17.294605992342298,44598.315743322826,46397.132339810916,119.46604958484716,0.00043602446372453726,-0.022114093369718715,0.017806701668425854,0.03861589938364683,0.049366725829455095,69.53529670766727,-77.94908896833375,2.1459560955320236,0.11471398488008502,0.006967718184295749,0.002058594308803404,0.009559616205431921,-0.03824509950839554,1
2025-11-28 19:31:46.586185,19,4,-0.9659258262890684,0.2588190451025203,-0.433883739117558,-0.9009688679024191,46538.03656646597,44184.18971503456,43564.13784882056,45497.99829124545,42698.078835264416,46676.43731227528,43341.28781407348,44550.02657928459,44361.36220436924,44455.158674020095,47.704082722312144,28.11914239693758,60.9138120907177,171.17084801423434,43695.10854784031,45372.855288415376,183.41220590734378,0.01695051040430753,-0.004298420605774706,-0.0882116590399284,0.04944522887224872,-0.0037975511821261385,-97.44571282271046,-274.1436482453005,4.7277449892387216,-4.345774243900633,0.005820265670847269,0.0074657834654023895,0.0068758005532722636,-0.0013726809217093723,0
2025-11-28 20:31:46.586185,20,4,-0.8660254037844386,0.5000000000000001,-0.433883739117558,-0.9009688679024191,44964.173960890046,44922.898290585894,46163.16375215496,46451.14360779504,43484.80893780145,45326.92737376416,44725.84992473572,45505.92619124442,43896.54461758838,45672.51483919098,7.682189106025536,10.420110395187606,109.2312764672579,137.19011429313562,43932.99141666354,46146.778966083315,195.87907452191095,-0.00622649361734452,-0.006160685683714825,0.01967702329589283,0.0035463036384574976,-0.015992376162742197,-135.14161583232237,80.00911292639384,-1.5719720652699647,-0.8990299440203612,0.0026044226333355597,0.0017677416311578209,0.03130540527903103,-0.02736630077665621,1
2025-11-28 21:31:46.586185,21,4,-0.7071067811865477,0.7071067811865474,-0.433883739117558,-0.9009688679024191,46564.643655814005,45341.15197481665,45010.233061019586,45959.27082608521,46366.874267444524,44780.89947119114,44702.84730720337,45778.043559701386,44415.25596804646,44477.90081655809,128.29922241885697,6.259312789952241,31.64084496948019,161.35613978767412,44007.3440973646,45321.7090976883,461.20509224925127,0.0019460745523724272,0.015593210645386798,0.005842085841563245,0.007892628296223824,0.007587899612437019,6.830483497604919,250.8913680837725,-2.7620892063075497,-0.15061385112523434,0.005388418561927383,0.015486182988637466,0.008769265959857993,0.03974551998461616,1
2025-11-28 22:31:46.586185,22,4,-0.5000000000000004,0.8660254037844384,-0.433883739117558,-0.9009688679024191,42380.25489591026,45276.69079933002,44018.49134895205,47153.18245751155,46644.96771350128,45829.40558118349,43873.99064422574,45497.447969773755,44973.49842170096,44643.053253428174,99.62668194471401,75.39645888666763,121.30976999791834,147.11703274936085,43607.55084345888,46233.214991216766,807.6878447347209,-0.007424705856980482,0.02620617492239217,-0.0005612626933769225,-0.024706075817374006,-0.041757145081501156,-217.44918777256052,558.6994079512305,0.6076371912097515,7.862379273089925,0.01008554684076208,0.004911537471421047,0.00046588399306352925,0.018227254443494434,0
2025-11-28 23:31:46.586185,23,4,-0.25881904510252157,0.9659258262890681,-0.433883739117558,-0.9009688679024191,45821.902504375226,45827.183249036025,45462.10347426327,44232.65243711195,44750.96396044362,42788.864690992115,44377.7466499273,43743.820224087634,46435.64629081423,43488.36741524358,49.37565831613125,28.067507686677406,14.171691363990474,20.93236771518661,44324.14021692193,45982.17925885126,161.16023460566996,-0.013200225112207059,0.027913676215799123,-0.011655553592666575,-0.012642914241081991,0.10447693608473868,-217.1650257770371,724.2496149464631,1.443125010252287,-3.335901077322491,0.01962625691672579,0.0028487549336967083,0.013645251254727504,0.0021150758254296085,0
2025-11-29 00:31:46.586185,0,5,0.0,1.0,-0.9749279121818236,-0.2225209339563146,45087.04706823817,45013.00189187791,45199.05969557347,45872.32063672068,45576.556963055766,45235.614558108566,44111.53932362734,44418.29025934011,44585.91096077106,44638.15494460074,155.65818986597512,169.29568141953854,231.9329539981694,66.90727386599166,43939.52592569611,45192.434092047246,608.5792604127482,-0.006117690909052854,-0.011243360531566042,0.0337233815995804,0.024630845990845664,-0.08038305135590294,135.87465659130066,-179.88432289454286,-0.4617327476895379,4.392531716257312,0.003496500472996937,0.002561797524953801,0.014047595621843939,0.025274133553093374,0
2025-11-29 01:31:46.586185,1,5,0.25881904510252074,0.9659258262890683,-0.9749279121818236,-0.2225209339563146,44700.992649534135,46453.53407715732,44399.7831228412,45183.34200573835,45311.25015454354,45770.865193886966,46401.8163547389,44801.985091558796,45179.03036131112,43060.896538696834,42.81151609659125,9.83396267947499,39.33178393943719,103.99046873960765,44209.76622195351,46582.369677228584,760.6580259612257,-0.00037036797048412023,-0.004184437474890556,0.028425793863685735,0.04815537748675265,0.009237028944786223,-229.7588070317312,-663.0238430410192,2.9065213266420686,2.990576320397424,0.015648027713620553,0.002414974458707788,0.010016693347033293,-0.016926319549314717,1
2025-11-29 02:31:46.586185,2,5,0.49999999999999994,0.8660254037844387,-0.9749279121818236,-0.2225209339563146,45091.7607765355,44735.343166762046,45069.80208499002,47189.802933217674,48078.88080845524,43521.41375422016,45748.54271451797,44940.453256719964,44986.8616831418,43732.87774121142,150.07597906343108,98.85911071509175,19.204911649003158,60.56155397368641,43556.25391109895,45632.704211600976,499.1554490739802,-0.0042930222451726,-0.033668763844419004,-0.023186330034708273,-0.005577851027239982,0.10118031096148197,133.26250018184237,-206.732580561638,-2.6772115994464976,0.8419092134704091,0.000953441994413082,0.0006176419986012893,0.004382890924895597,0.01086958757340186,1
2025-11-29 03:31:46.586185,3,5,0.7071067811865476,0.7071067811865476,-0.9749279121818236,-0.2225209339563146,43012.431085399105,47720.16916658962,44614.68640313824,44191.70171464485,46119.574911434574,46143.75404320693,46017.244075995324,45496.53767804054,45950.714618758466,45608.331724915435,85.0221742113493,110.3589317215771,30.91164642025014,182.60097135469363,43781.27084983829,45594.87378149281,215.8101563590242,-0.00692420979873856,-0.016117401329923776,0.012211568613736052,-0.018007570594056464,0.00033999222799988845,92.51825857079024,130.1402532914431,1.3858372460632222,5.2758614525854,0.0026344821608224912,0.004794415180860639,0.0028099352760956203,0.00399620867437427,0
2025-11-29 04:31:46.586185,4,5,0.8660254037844386,0.5000000000000001,-0.9749279121818236,-0.2225209339563146,44780.32811216249,45625.667347765004,45113.517345251246,44160.27815781922,44872.082408519236,45338.496407494415,45577.337651234586,45142.160800746606,47021.545940698896,45628.64012692067,34.86521344078592,17.989415115347846,13.354090478228231,67.7925871339269,44361.19067891389,46100.28459861547,201.86504516830473,-0.014063174636718339,0.01929703266194915,-0.029149702036238578,2.1118354263891714e-05,-0.009501951750074724,-345.16134575811935,-481.87946310530543,-1.2117216415177867,1.1163164178205887,0.0067914277543819545,0.008745170741325225,0.03357346849987458,0.0052804016266734,0
2025-11-29 05:31:46.586185,5,5,0.9659258262890683,0.25881904510252074,-0.9749279121818236,-0.2225209339563146,45357.112571511745,44142.842443583715,45662.130674521046,44400.60735455598,44044.45955939958,44584.7120860992,44096.75858302622,43931.72451303192,44575.30498166374,45340.36604942797,34.92577043184288,139.20022863445993,15.24698363805439,48.79114081457027,43813.583423954115,46574.318674714355,12.097803195458082,-0.0008310557262869477,0.032311656470964636,-0.041388544943667914,0.024048269957164595,-0.01787227114052136,-135.512930467131,-478.57545744752144,3.4387558124145934,1.1674775870037861,0.003020454994898642,0.0064976522684826715,0.03181050228952599,0.025447070002135357,1
2025-11-29 06:31:46.586185,6,5,1.0,6.123233995736766e-17,-0.9749279121818236,-0.2225209339563146,46477.894044741515,43929.10750193889,46586.016816145355,42876.104275690195,43393.55367974243,45632.781866106285,44580.383786976185,45304.15828080477,44608.44844598542,44226.41908549663,32.16350512173826,91.8316606002313,70.81086766885905,215.73082132655034,44863.4819256167,45492.0890905108,451.8509303650641,-0.015047203740310022,-0.024686977437598442,-0.018801516737698955,-0.05775419264534167,-0.009019584088120392,238.82188060947448,171.8939407749427,3.9850307063362367,-0.15936195905263603,0.0032944778634709138,0.012032008553891445,0.00910297766785763,0.014649842055596045,1
2025-11-29 07:31:46.586185,7,5,0.9659258262890683,-0.25881904510252063,-0.9749279121818236,-0.2225209339563146,44481.72978172635,45482.47241524319,43762.18450117315,44474.24497831924,45203.46363586722,47270.692857804395,45391.49964898233,45488.46859622706,45835.32870165526,44961.830915086415,207.6747983560841,157.0500603623177,95.67023167945841,60.57149230033384,43800.1819071927,46030.83992492399,162.1796408608015,0.007600559636896026,-0.011849285183057886,0.02587180417148276,-0.09184723812548953,0.06864242373382651,-196.23310622793633,-24.326175785225573,-1.5333131755666958,3.6707066472558827,0.007318707042882956,0.01042044412243103,0.00686529879080328,0.005774473256500465,1
2025-11-29 08:31:46.586185,8,5,0.8660254037844387,-0.4999999999999998,-0.9749279121818236,-0.2225209339563146,44191.506397106816,44776.53721467415,47133.03337465627,44240.8673384463,44243.649254715696,45181.86625505849,44022.29775288644,45447.83235834483,45545.51319170105,44997.11796872754,38.19354522315533,98.96281365703375,78.59894605079495,74.2095372009307,44112.34236287594,46214.40825016529,589.5198955799012,0.0008243975293450329,-0.0005281151391785407,0.028593751361282598,-0.022021473979663343,-0.11059309556647534,-92.88085246187752,16.398497705793254,-1.0991142718171603,3.2894077014326513,0.0033505802908411755,0.0048720292119492714,0.04121257264087852,-0.033097748724565924,1
2025-11-29 09:31:46.586185,9,5,0.7071067811865476,-0.7071067811865475,-0.9749279121818236,-0.2225209339563146,44498.242956415466,45714.00049409209,43047.9122004775,45150.393786476205,43577.74629040233,45248.22058630033,45570.398744137914,45864.6245804437,46477.36586058883,44073.30824864597,43.00416471910696,94.07711879882159,133.1232953557778,29.92925804064919,44466.29541593655,46346.55280363157,593.8396942307819,-0.014575514994649305,0.005603223176392136,0.015392562602918788,-0.048828497036566346,0.07667168506481628,92.41217865037929,-379.24766735003476,1.7191757739596039,-1.8770318624886373,0.003161559571827783,0.003519213178165091,0.0074959526422744595,-0.019200925905589274,0
2025-11-29 10:31:46.586185,10,5,0.49999999999999994,-0.8660254037844387,-0.9749279121818236,-0.2225209339563146,45915.40211770208,45473.23762457354,44848.214904964414,45341.75597577716,44353.42711575748,44540.63910045975,44807.73968147349,45667.13772363912,45467.142548260774,46202.71864141372,103.02834540318422,98.24873935383096,183.62053731032967,130.1741289398798,43290.817133533485,46088.22077763861,232.30864864919653,-0.0030920907704986345,-0.01619207039843292,0.021752873605439912,-0.020325607905892436,-0.07119785762250726,156.6781018565191,-115.20035710288366,-0.7742612995790292,-3.9577415837963024,0.004692675898085263,0.007699960661974573,0.007893717847761316,-0.002454178671914483,1
2025-11-29 11:31:46.586185,11,5,0.258819045102521,-0.9659258262890682,-0.9749279121818236,-0.2225209339563146,45328.751109659686,44927.17108734313,45588.31720648458,46876.17083921588,43918.45199638561,44150.155630535206,44700.143353960324,45367.34406338275,44712.566327370354,45701.88983246054,23.87891590265135,22.46331499970246,50.799132691254364,156.15111967268527,43119.59559400961,45816.48608045834,100.57982793641965,-0.007521564055905832,0.008481220889281795,0.015485348613448751,-0.0059112127526988615,-0.01333261646172074,-50.30777720889914,-462.1165721341522,-0.09082243586447644,-0.6089419121869712,0.015355721232071058,0.012961166642498944,0.020825066673126717,0.0018674474855330248,1
2025-11-29 12:31:46.586185,12,5,1.2246467991473532e-16,-1.0,-0.9749279121818236,-0.2225209339563146,44470.23979623296,44153.2062819316,45280.991867735036,45950.42383818605,46687.14163507256,45830.33581654425,45568.76797456279,44943.86743083308,45472.52386455385,44823.22866093627,25.904214582070313,55.005209902455185,110.33666061738737,3.2004149065766625,43237.17184271495,45586.20488967564,141.64393577307106,0.0031917451041918042,-0.009476786941418323,-0.019244447856688565,-0.018129936360920536,-0.021462221014933093,-119.50203893832831,445.0992055623934,0.05077684108482036,-2.400115693192939,0.00756788679986982,0.004561208274741882,0.005775327175692954,-0.02260407449347848,1
2025-11-29 13:31:46.586185,13,5,-0.2588190451025208,-0.9659258262890683,-0.9749279121818236,-0.2225209339563146,45513.26743311335,43485.152775314134,44377.30048017941,44423.096344337595,45881.63975694945,44143.91617409113,45355.41064918883,43671.23125318721,45886.962864466324,45021.508671195625,19.634984908497827,96.83444548636353,215.28905929524828,75.34178703461835,44631.29205171359,46043.07194152319,129.45248685203867,0.013404504460231446,-0.0002890454175655821,0.01295767634021822,0.05809870137882982,0.02942766348853599,284.4739723397015,517.6246673618763,-3.8393463123953127,-0.1905737238460653,0.006124687940136023,0.0018142662011397138,0.005744834771113927,0.04823353351156842,1
2025-11-29 14:31:46.586185,14,5,-0.4999999999999997,-0.8660254037844388,-0.9749279121818236,-0.2225209339563146,45097.07754934804,44553.485047932976,44791.87774964273,44101.58532865164,44992.02735868338,45071.56623721939,44711.227067344735,45343.69457530607,45656.38574495789,45166.706246358044,7.160125941406395,10.53755061459599,38.85786045309641,45.99721429391164,43724.07092705378,45463.930494007196,293.3469007376374,-0.018751724696457445,0.010925684960073992,0.024012285756830468,0.013069790584092801,-0.07990621759418738,347.77993275951576,-923.0939311190469,-0.0276754921884745,3.7123144040524174,0.010166831285764972,0.005950294658355647,0.0021188571013119484,0.030327881105071456,0
2025-11-29 15:31:46.586185,15,5,-0.7071067811865471,-0.7071067811865479,-0.9749279121818236,-0.2225209339563146,45968.64499053289,45856.398794323475,44506.999065341166,45491.9191715065,46479.94413889002,44522.342553234885,45927.463842691395,45166.150149730485,45405.81922488584,43366.61210526057,3.722223650984159,133.40254949182045,249.29995174327905,67.77153697521061,45279.099642834124,44539.3247582527,237.4518283112622,0.0011502607914741717,0.00012844539621875633,0.022628739894407227,0.012018974384433135,0.023108633304097143,195.7716101563591,-464.75543009620503,-1.3794555481283477,-1.37190496526037,0.002440804736742013,0.005574230531083212,0.031958497197108006,0.01204236640784967,0
2025-11-29 16:31:46.586185,16,5,-0.8660254037844385,-0.5000000000000004,-0.9749279121818236,-0.2225209339563146,44297.94690612265,45214.0937441302,44410.63524305579,43679.76679297936,45077.368307647615,45478.97982574639,44135.149337920084,45217.2630697563,45853.33975167132,44802.258093983524,72.76295436369799,60.13676439512137,0.6070911539893323,201.3387247526623,43717.87620067131,46218.27990207884,435.6486487286221,-0.001601327955666404,-0.008727717810531372,0.03566740114423929,0.024888285761736077,0.10121548116434263,17.06362851300481,-748.2646275450395,-0.986245644799544,-0.12847014393472464,0.0003930728762763119,0.004129978221434341,0.011523108249476059,0.001440737225674895,1
2025-11-29 17:31:46.586185,17,5,-0.9659258262890683,-0.25881904510252063,-0.9749279121818236,-0.2225209339563146,44672.337853402234,43754.26122128801,45849.60209702102,46831.45876585435,44138.715798671736,45333.662105286945,45492.748485555414,43978.60113934375,45935.43647235654,44454.41260160176,5.194588580729944,31.978193414253695,83.84907744516418,13.653533108273743,44092.27565159852,46451.9674205431,672.9898401233743,0.006713400764504657,-0.002192196078516617,0.021249115416031913,-0.04555332471123077,-0.06815870022964053,-161.65314432818528,-325.0119672034491,2.8872640069376283,0.17406820442518567,0.001344967844017327,0.009266983088473109,0.003230947581844319,-0.004244179398023034,1
2025-11-29 18:31:46.586185,18,5,-1.0,-1.8369701987210297e-16,-0.9749279121818236,-0.2225209339563146,44607.891846867846,45173.18092585118,45357.01548596505,46179.44012072129,46523.124077269655,46037.5399442579,45474.481006374706,44135.15476767339,46105.727192830025,44198.70399208407,73.26400772155792,159.29937335316694,8.1829358547565,36.53215513121087,44771.05497628394,44818.53378222908,63.18978977320591,0.0021319662823768913,-0.0017672591841067064,0.010543446226247487,0.041564471496810744,0.009485308380519784,-166.08888131131306,-41.718984895180434,-2.5130137885585127,2.545292646615854,0.003338599665685347,0.00031439170374776424,0.007624029595118843,-0.019038369200444712,0
2025-11-29 19:31:46.586185,19,5,-0.9659258262890684,0.2588190451025203,-0.9749279121818236,-0.2225209339563146,43536.48505186788,45385.31737972884,44307.09040473935,44530.82434789529,45538.91004368466,44489.98360114525,44752.36284854881,45842.52228266632,45518.96791007171,44775.11976569123,8.071658010858233,44.047473796039895,9.888965319114266,18.46803058649084,45003.04644407956,45495.134647645034,969.4644995291424,-0.007519693317388191,-0.007400220597642554,0.03210450714949282,-0.0030305714614183954,-0.033099108889830454,104.5028210531515,-724.8226098492651,1.6264103734959545,-6.740668001953816,0.014313667818311835,0.008484286341908146,0.0588935655965449,0.0015496103703772507,0
2025-11-29 20:31:46.586185,20,5,-0.8660254037844386,0.5000000000000001,-0.9749279121818236,-0.2225209339563146,45296.120277064576,44116.142563798865,45899.599875433254,43286.86547090912,43962.75384567354,44730.125064706626,45260.906417793696,44968.35587691468,44866.30553574652,46438.149221479616,7.8635190316090595,1.9637798926681216,91.90764829877686,134.71262895296965,45030.7517883182,46309.5771305026,500.1656623027874,-0.003190539356666182,-0.005175921253342048,-0.0007956377774718019,0.026819224689648504,0.02129436030965179,83.67964417773675,-460.9299065626566,-0.557925860663617,-1.8201008842958903,0.010817667276728287,0.005731278132412001,0.03126169409247882,0.005155050802855014,1
2025-11-29 21:31:46.586185,21,5,-0.7071067811865477,0.7071067811865474,-0.9749279121818236,-0.2225209339563146,45261.05527217989,45153.72510594553,45307.29952087661,46353.87237416541,44809.66132191639,44021.236284217695,43999.109138891756,45545.2005578981,45117.37094914666,45512.67428901361,199.82006845321075,55.248995441714776,29.027454418865133,97.16140385106516,44604.18311529657,47028.747734855846,338.87248526242576,-0.007960258568034891,0.03197294341009434,-0.026456239536831534,-0.04287428932160622,0.000957388870787603,280.31971858928586,-501.97868604074927,-0.5595203369916688,0.6338510768384181,0.013122191934314062,0.017858664919341113,0.025870449746416627,-0.02483521150963249,1
2025-11-29 22:31:46.586185,22,5,-0.5000000000000004,0.8660254037844384,-0.9749279121818236,-0.2225209339563146,45005.11345664246,45058.208718446,45812.86211883896,44885.46015474738,44124.38174661524,44555.70673992389,45739.22161536552,45022.65470090437,45965.20717320668,44543.056808173766,91.63276747024814,22.391413406466143,26.739231407190296,120.04139079444253,44512.03126290573,46010.3968538377,256.9539248294575,0.010760071385985984,0.011218388958824774,-0.004892008918312916,-0.062150350640642574,-0.032074345452215484,130.09001850722782,103.63366469947198,1.5807437921034226,3.6002368692805837,0.006220699903060487,0.003596296724524624,0.004311712791005333,0.006683528344897949,0
2025-11-29 23:31:46.586185,23,5,-0.25881904510252157,0.9659258262890681,-0.9749279121818236,-0.2225209339563146,44765.41286662485,43857.02970216938,45629.628841923615,46237.81631197346,43617.20026903566,45377.30049304485,44852.07829084561,45023.8049115966,44346.451463210215,45458.06622508493,34.64884758979927,136.41404299738443,32.16978061960136,65.68942789713958,44296.26347460059,45635.99852938543,89.79089096979898,0.0002131164867194222,-0.005909606360583207,-0.02234707934419347,0.03271558632100115,0.0243936142435537,-300.6160603519636,34.67216851812521,0.6801025891377809,-1.4757073425186156,0.013289333195354096,0.0030110733919174212,0.004309933566045139,-0.003105180976494975,0
